{
    "Nom": "Absorption des éléments",
    "Nom original": "Absorb Elements",
    "Niveau": 1,
    "École": "Abjuration",
    "Temps d'incantation": "1 réaction",
    "Portée": "Soi",
    "Cible": "Le lanceur de sorts",
    "Composantes": "S",
    "Durée": "1 tour",
    "Concentration": false,
    "Rituel": "Non",
    "Temps du rituel": null,
    "Type d'attaque / sauvegarde": "Aucune",
    "Effet synthétique": "Absorbe une partie des dégâts élémentaires subis pour renforcer la prochaine attaque du lanceur.",
    "Description complète": "Le sort capture une partie de l'énergie entrante, atténuant son effet sur vous et stockant cette énergie pour votre prochaine attaque en mêlée. Vous avez une résistance aux dégâts du type d'énergie que vous avez subis. Jusqu'à la fin de votre prochain tour, la première fois que vous frappez avec une attaque en mêlée, l'attaque inflige 1d6 dégâts supplémentaires du type d'énergie auquel vous avez résisté.",
    "Effet en surcaste": "Lorsque vous lancez ce sort en utilisant un emplacement de sort de 2e niveau ou supérieur, les dégâts supplémentaires causés par votre attaque en mêlée augmentent de 1d6 pour chaque niveau au-dessus du 1er."
}