{
    "Nom": "Animation des morts",
    "Nom original": "Animate Dead",
    "Niveau": 3,
    "École": "Nécromancie",
    "Temps d'incantation": "1 minute",
    "Portée": 3,
    "Cible": "Un squelette ou un cadavre dans la portée du sort",
    "Composantes": "V, S, M (une goutte de sang, un morceau de chair et une pincée de poussière d'os)",
    "Durée": "Instantanée",
    "Concentration": false,
    "Rituel": "Non",
    "Temps du rituel": null,
    "Type d'attaque / sauvegarde": "Aucune",
    "Effet synthétique": "Anime un squelette ou un zombie qui obéit à vos commandes",
    "Description complète": "Ce sort crée un serviteur mort-vivant. Choisissez un tas d'ossements ou le cadavre d'un humanoïde de taille M ou P dans la portée du sort. Votre sort insuffle un semblant de vie à la cible pour la relever en tant que créature morte-vivante. La cible devient un squelette si vous avez choisi des ossements, ou un zombi si vous avez choisi un cadavre (le MD possède les caractéristiques de la créature en question). À chacun de vos tours, vous pouvez utiliser une action bonus pour commander mentalement les créatures que vous avez animées avec ce sort si elles sont à 18 mètres ou moins de vous. Si vous contrôlez plusieurs créatures, vous commandez simultanément autant de créatures que vous le souhaitez en donnant le même ordre à chacune d'elles. Vous décidez de l'action prise par la créature et du mouvement qu'elle fait. Vous pouvez aussi émettre une consigne générale, comme monter la garde devant une pièce ou dans un couloir. Si vous ne donnez aucun ordre, la créature ne fait que se défendre contre les créatures qui lui sont hostiles. Une fois qu'un ordre est donné, la créature s'exécute jusqu'à ce que la tâche soit complétée. La créature est sous votre contrôle pour une période de 24 heures, à la fin de quoi elle cesse d'obéir à votre commandement. Pour maintenir le contrôle de la créature pour 24 heures supplémentaires, vous devez incanter ce sort sur la créature avant la fin de la période actuelle de 24 heures. L'usage de ce sort réaffirme votre contrôle sur 4 créatures ou moins animées par ce sort, plutôt que d'en animer une nouvelle.",
    "Effet en surcaste": "Lorsque vous lancez ce sort en utilisant un emplacement de sort de niveau 4 ou supérieur, vous animez ou réaffirmez votre contrôle sur deux créatures mortes-vivantes additionnelles pour chaque niveau d'emplacement au-delà du niveau 3. Chaque créature doit provenir d'un cadavre ou d'un tas d'ossements différent."
}