{
    "Nom": "Armure de mage",
    "Nom original": "Mage Armor",
    "Niveau": 1,
    "École": "Abjuration",
    "Temps d'incantation": "1 action",
    "Portée": 1.5,
    "Cible": "Une créature consentante qui ne porte pas d'armure.",
    "Composantes": "V, S, M (un morceau de cuir tanné)",
    "Durée": "8 heures",
    "Concentration": false,
    "Rituel": "non",
    "Temps du rituel": null,
    "Type d'attaque / sauvegarde": "Aucune",
    "Effet synthétique": "La cible reçoit une CA de 13 + son modificateur de Dextérité si elle ne porte pas d'armure.",
    "Description complète": "Vous touchez une créature volontaire qui n'est pas vêtue d'une armure, et une armure magique protectrice entoure celle-ci jusqu'à ce que le sort prenne fin. La cible a une classe d'armure de base de 13 + son modificateur de Dextérité. Le sort se termine si la cible revêt une armure ou si vous dissipez l'armure magique avec une action.",
    "Effet en surcaste": null
}