{
    "Nom": "Bouclier",
    "Nom original": "Shield",
    "Niveau": 1,
    "École": "Abjuration",
    "Temps d'incantation": "1 réaction, qui est prise quand vous êtes touché par une attaque ou que vous êtes la cible d'un sort de zone d'effet",
    "Portée": "Personnel",
    "Cible": "Le lanceur de sorts",
    "Composantes": "V, S",
    "Durée": "1 round",
    "Concentration": false,
    "Rituel": "non",
    "Temps du rituel": null,
    "Type d'attaque / sauvegarde": "Aucune",
    "Effet synthétique": "Augmente temporairement votre Classe d'Armure et annule des projectiles magiques.",
    "Description complète": "Une barrière invisible de force magique apparaît et protège vous. Jusqu'au début de votre prochain tour, vous bénéficiez d'un bonus de +5 à la CA, y compris contre l'attaque déclenchante, et vous n'êtes pas affecté par le sort projectile magique.",
    "Effet en surcaste": null
}