{
    "Nom": "Boule de feu",
    "Nom original": "Fireball",
    "Niveau": 3,
    "École": "Évocation",
    "Temps d'incantation": "1 action",
    "Portée": 36,
    "Cible": "Un point dans l'espace que vous pouvez voir",
    "Composantes": "V, S, M (une toute petite boule de guano de chauve-souris et du souffre)",
    "Durée": "Instantanée",
    "Concentration": false,
    "Rituel": "Non",
    "Temps du rituel": null,
    "Type d'attaque / sauvegarde": "Dextérité",
    "Effet synthétique": "Explosion de flammes en un point choisi, infligeant 8d6 dégâts de feu",
    "Description complète": "Un point que vous choisissez dans l'espace explose en flammes. Chaque créature dans une sphère de 6 mètres de rayon centrée sur ce point doit effectuer un jet de sauvegarde de Dextérité. Une cible subit 8d6 de dégâts de feu en cas d'échec, ou la moitié autant de dégâts en cas de réussite. Le feu se propage autour des coins et embrase les objets inflammables dans la zone qui ne sont pas portés ou transportés.",
    "Effet en surcaste": "Lorsque vous lancez ce sort en utilisant un emplacement de sort de 4e niveau ou plus, les dégâts augmentent de 1d6 pour chaque niveau au-dessus du 3e."
}