{
    "Nom": "Cécité/Surdité",
    "Nom original": "Blindness/Deafness",
    "Niveau": 2,
    "École": "Nécromancie",
    "Temps d'incantation": "1 action",
    "Portée": 9,
    "Cible": "Une créature que vous pouvez voir dans la portée",
    "Composantes": "V",
    "Durée": "1 minute",
    "Concentration": false,
    "Rituel": "Non",
    "Temps du rituel": null,
    "Type d'attaque / sauvegarde": "Constitution sauvegarde",
    "Effet synthétique": "Rend la cible aveugle ou sourde.",
    "Description complète": "Vous pouvez rendre aveugle ou sourd une créature que vous pouvez voir à portée. La cible doit réussir un jet de sauvegarde de Constitution ou être aveuglée ou sourde (au choix du lanceur) pendant la durée. À la fin de chaque tour, la cible peut tenter un nouveau jet de sauvegarde de Constitution. En cas de réussite, l'effet du sort prend fin.",
    "Effet en surcaste": "Lorsque vous lancez ce sort en utilisant un emplacement de sort de 3e niveau ou plus, vous pouvez cibler une créature supplémentaire pour chaque niveau d’emplacement au-dessus du 2e."
}