{
    "Nom": "Communication avec les morts",
    "Nom original": "Speak with Dead",
    "Niveau": 3,
    "École": "Nécromancie",
    "Temps d'incantation": "1 action",
    "Portée": 3,
    "Cible": "Un cadavre de votre choix",
    "Composantes": "V, S, M (de l'encens qui brûle)",
    "Durée": "10 minutes",
    "Concentration": false,
    "Rituel": "Non",
    "Temps du rituel": null,
    "Type d'attaque / sauvegarde": "Aucune",
    "Effet synthétique": "Permet de poser jusqu'à cinq questions à un cadavre.",
    "Description complète": "Vous accordez la semblance de vie et d'intelligence à un cadavre de votre choix dans la portée, lui permettant de répondre aux questions que vous posez. Le cadavre doit encore avoir une bouche et ne peut être mort depuis plus de dix jours. Le sort ne fait pas revenir à la vie une créature qui a été morte, mais elle peut brièvement fonctionner comme si elle était vivante. Jusqu'à cinq questions peuvent être posées. Les réponses sont généralement brèves, cryptiques, ou répétitives.",
    "Effet en surcaste": null
}