{
    "Nom": "Compréhension des langues",
    "Nom original": "Comprehend Languages",
    "Niveau": 1,
    "École": "Divination",
    "Temps d'incantation": "1 action",
    "Portée": "Personnelle",
    "Cible": "Le lanceur de sort",
    "Composantes": "V, S, M (une pincée de suie et de sel)",
    "Durée": "1 heure",
    "Concentration": false,
    "Rituel": "oui",
    "Temps du rituel": "10 minutes",
    "Type d'attaque / sauvegarde": "Aucun",
    "Effet synthétique": "Permet de comprendre le sens littéral de tout type de langage parlé ou écrit.",
    "Description complète": "Pendant la durée du sort, vous comprenez le sens littéral de tout type de langage parlé que vous entendez. Vous comprenez également tout texte écrit que vous voyez, mais vous devez toucher la surface sur laquelle les mots sont écrits. Il vous faut environ 1 minute pour lire une page de texte. Ce sort ne décode pas les messages secrets dans un texte ou un glyph, à moins que ce dernier ne soit une partie du texte. Il ne vous permet pas de parler ou d'écrire une langue à moins de la connaître déjà.",
    "Effet en surcaste": null
}