{
    "Nom": "Contresort",
    "Nom original": "Counterspell",
    "Niveau": 3,
    "École": "Abjuration",
    "Temps d'incantation": "1 réaction",
    "Portée": 18,
    "Cible": "1 une créature à 18 mètres ou moins qui incante un sort.",
    "Composantes": "V",
    "Durée": "Instantanée",
    "Concentration": false,
    "Rituel": "non",
    "Temps du rituel": null,
    "Type d'attaque / sauvegarde": "Aucune",
    "Effet synthétique": "Interrompt l'incantation d'un sort adverse",
    "Description complète": "Vous tentez d'interrompre une créature en train de lancer un sort. Si la créature est en train de lancer un sort de 3e niveau ou inférieur, son sort échoue et n'a aucun effet. Si elle lance un sort de 4e niveau ou supérieur, faites un jet de capacité en utilisant votre caractéristique de lanceur de sorts. Le DD égale 10 + le niveau du sort. En cas de réussite, le sort de la créature échoue et n'a aucun effet.",
    "Effet en surcaste": "Lorsque vous lancez ce sort en utilisant un emplacement de sort de 4e niveau ou supérieur, le sort interrompu n'a aucun effet s'il est de niveau égal ou inférieur à celui de l'emplacement de sort utilisé."
}