{
    "Nom": "Contact Glacial",
    "Nom original": "Chill Touch",
    "Niveau": 0,
    "École": "Nécromancie",
    "Temps d'incantation": "1 action",
    "Portée": 36,
    "Cible": "Une créature à portée",
    "Composantes": "V, S",
    "Durée": "1 round",
    "Concentration": false,
    "Rituel": "non",
    "Temps du rituel": null,
    "Type d'attaque / sauvegarde": "Attaque à distance avec un sort",
    "Effet synthétique": "Inflige des dégâts nécrotiques et empêche la cible de récupérer des points de vie.",
    "Description complète": "Vous créez une main fantomatique dans l'espace d'une créature à portée. Effectuez une attaque à distance avec un sort contre la créature pour l'assaillir du froid de la mort. En cas de toucher, la cible subit 1d8 dégâts nécrotiques, et elle ne peut pas regagner de points de vie jusqu'au début de votre prochain tour. Jusqu'à ce moment, la main s'accroche à la cible. Si vous touchez une créature morte-vivante, elle subit aussi une pénalité de 1d6 à ses jets d'attaque jusqu'à la fin de votre prochain tour.",
    "Effet en surcaste": "Les dégâts du sort augmentent de 1d8 lorsque vous atteignez le niveau 5 (2d8), le niveau 11 (3d8) et le niveau 17 (4d8)."
}