{
    "Nom": "Convocation de mort-vivant",
    "Nom original": "Summon Undead",
    "Niveau": 3,
    "École": "Nécromancie",
    "Temps d'incantation": "1 action",
    "Portée": 27,
    "Cible": "Un point au sol que vous pouvez voir dans la portée",
    "Composantes": "V, S, M (Crane doré d'une valeur de 300po)",
    "Durée": "1 heure",
    "Concentration": true,
    "Rituel": "Non",
    "Temps du rituel": null,
    "Type d'attaque / sauvegarde": "Aucun",
    "Effet synthétique": "Invoque un mort-vivant de votre choix qui obéit à vos commandes",
    "Description complète": "Vous invoquez un esprit qui assume la forme d'un mort-vivant de votre choix : un fantôme, un squelette ou un zombie. Le mort-vivant apparaît à un endroit de votre choix que vous pouvez voir dans la portée. Le mort-vivant disparaît quand il tombe à 0 point de vie ou quand le sort se termine. Le mort-vivant est amical envers vous et vos compagnons pour la durée du sort. Il obéit à vos commandes verbales (aucune action requise de votre part). S'il n'en reçoit pas, il se défend contre les créatures hostiles mais n'entreprend aucune autre action. Le Maître de Donjon a les statistiques du mort-vivant.",
    "Effet en surcaste": "Quand vous lancez ce sort en utilisant un emplacement de sort de 4e niveau ou plus, la puissance du mort-vivant augmente. Pour chaque niveau au-dessus de 3e, la difficulté des jets de sauvegarde du mort-vivant augmente de 1, ses attaques infligent 1 dé de dégâts supplémentaires, et il gagne 10 points de vie supplémentaires."
}