{
    "Nom": "Détection de la magie",
    "Nom original": "Detect Magic",
    "Niveau": 1,
    "École": "Divination",
    "Temps d'incantation": "1 action",
    "Portée": "18 mètres",
    "Cible": "Le lanceur de sorts",
    "Composantes": "V, S",
    "Durée": "Jusqu'à 10 minutes",
    "Concentration": true,
    "Rituel": "oui",
    "Temps du rituel": "10 minutes",
    "Type d'attaque / sauvegarde": "Aucune",
    "Effet synthétique": "Permet de détecter la présence de magie dans un rayon de 18 mètres.",
    "Description complète": "Pendant la durée du sort, le lanceur de sorts ressent la présence de magie à moins de 18 mètres de lui. Si le lanceur de sorts détecte la magie de cette manière, il peut utiliser son action pour voir une aura faible autour de toute créature ou objet visible qui porte de la magie, et il apprend son école de magie, le cas échéant. Le sort peut pénétrer la plupart des barrières, mais il est bloqué par 30 centimètres de pierre, 2 centimètres de métal commun, une fine feuille de plomb ou 90 centimètres de bois ou de terre.",
    "Effet en surcaste": null
}