{
    "Nom": "Disque flottant de Tenser",
    "Nom original": "Tenser's Floating Disk",
    "Niveau": 1,
    "École": "Invocation",
    "Temps d'incantation": "1 action",
    "Portée": 9,
    "Cible": "Un point dans l'espace",
    "Composantes": "V, S, M (une goutte de mercure)",
    "Durée": "1 heure",
    "Concentration": false,
    "Rituel": "oui",
    "Temps du rituel": "10 minutes",
    "Type d'attaque / sauvegarde": "Aucun",
    "Effet synthétique": "Crée un disque flottant qui peut porter jusqu'à 225 kg de charge.",
    "Description complète": "Ce sort crée un plateau de force horizontal et circulaire, de 90 cm de diamètre et épais de 2,50 cm, qui flotte 90 cm au-dessus du sol dans un espace inoccupé de votre choix, à portée et que vous pouvez voir. Le disque reste en place pour la durée du sort et peut supporter 250 kg. Si plus de poids est placé sur le disque, le sort prend fin, et tout ce qui se trouve sur le disque tombe sur le sol. Le disque est immobile tant que vous vous trouvez à 6 mètres de lui. Si vous vous déplacez à plus de 6 mètres, le disque vous suit jusqu'à se retrouver de nouveau à 6 mètres de vous. Il peut se déplacer au-dessus de n'importe quel type de terrain, monter et descendre les escaliers, les pentes et tout ce qui y ressemble, mais il ne peut effectuer un changement brutal d'altitude égal ou supérieur à 3 mètres. Par exemple, le disque ne peut pas se déplacer au-dessus d'un gouffre de 3 mètres de profondeur, ou il ne peut pas sortir d'un gouffre de 3 mètres de haut s'il a été invoqué au fond. Si vous vous déplacez à plus de 30 mètres du disque (par exemple parce qu'il ne peut pas passer au-dessus d'un obstacle pour vous suivre), le sort prend fin.",
    "Effet en surcaste": null
}