{
    "Nom": "Foulée brumeuse",
    "Nom original": "Misty Step",
    "Niveau": 2,
    "École": "Altération",
    "Temps d'incantation": "1 action bonus",
    "Portée": 9,
    "Cible": "Le lanceur de sorts",
    "Composantes": "V",
    "Durée": "Instantanée",
    "Concentration": false,
    "Rituel": "non",
    "Temps du rituel": null,
    "Type d'attaque / sauvegarde": "Aucun",
    "Effet synthétique": "Téléportation rapide à courte distance.",
    "Description complète": "Une brume argentée vous enveloppe puis vous vous téléportez jusqu'à 9 mètres dans un espace inoccupé que vous pouvez voir.",
    "Effet en surcaste": null
}