{
    "Nom": "Glas funèbres",
    "Nom original": "Toll the Dead",
    "Niveau": 0,
    "École": "Nécromancie",
    "Temps d'incantation": "1 action",
    "Portée": 18,
    "Cible": "Une créature de votre choix que vous pouvez voir à portée",
    "Composantes": "V, S",
    "Durée": "Instantanée",
    "Concentration": false,
    "Rituel": "non",
    "Temps du rituel": null,
    "Type d'attaque / sauvegarde": "Sagesse",
    "Effet synthétique": "Inflige des dégâts nécrotiques à une créature, plus importants si elle a déjà perdu des points de vie.",
    "Description complète": "Vous pointez du doigt une créature que vous pouvez voir à portée et dont le son spectral d'une cloche de funérailles remplit l'air autour d'elle pour un instant. La cible doit réussir un jet de sauvegarde de Sagesse ou subir 1d8 de dégâts nécrotiques. Si la cible manque des points de vie, elle subit à la place 1d12 de dégâts nécrotiques. Le sort inflige plus de dégâts lorsque vous atteignez des niveaux plus élevés.",
    "Effet en surcaste": "Le sort inflige 2d8 de dégâts nécrotiques, ou 2d12 si la cible manque des points de vie, si vous l'incantez en utilisant un emplacement de sort de niveau 1 ou plus."
}