{
    "Nom": "Immobilisation de personne",
    "Nom original": "Hold Person",
    "Niveau": 2,
    "École": "Enchantement",
    "Temps d'incantation": "1 action",
    "Portée": 18,
    "Cible": "Un humanoïde que vous pouvez voir à portée",
    "Composantes": "V, S, M (uun petit morceau de fer droit)",
    "Durée": "1 minute",
    "Concentration": true,
    "Rituel": "non",
    "Temps du rituel": null,
    "Type d'attaque / sauvegarde": "Sagesse",
    "Effet synthétique": "Paralyse un humanoïde à portée durant une minute, à moins qu'il réussisse un jet de sauvegarde de Sagesse.",
    "Description complète": "Choisissez un humanoïde visible dans la portée du sort. La cible doit réussir un jet de sauvegarde de Sagesse ou être paralysée pour la durée du sort. À la fin de chacun de ses tours, la cible peut faire un autre jet de sauvegarde de Sagesse. Si elle réussit, le sort prend fin.",
    "Effet en surcaste": "Lorsque vous lancez ce sort en utilisant un emplacement de sort de niveau 3 ou supérieur, vous pouvez cibler un humanoïde supplémentaire pour chaque niveau d'emplacement au-delà du niveau 2. Les humanoïdes doivent être situés à 9 mètres ou moins les uns des autres."
}