[
    {
        "Nom": "Contact Glacial",
        "Nom original": "Chill Touch",
        "Niveau": 0,
        "Fichier": "contact_glacial.json"
    },
    {
        "Nom": "Glas funèbres",
        "Nom original": "Toll the Dead",
        "Niveau": 0,
        "Fichier": "glas_funebres.json"
    },
    {
        "Nom": "Lumière",
        "Nom original": "Light",
        "Niveau": 0,
        "Fichier": "lumiere.json"
    },
    {
        "Nom": "Message",
        "Nom original": "Message",
        "Niveau": 0,
        "Fichier": "message.json"
    },
    {
        "Nom": "Absorption des éléments",
        "Nom original": "Absorb Elements",
        "Niveau": 1,
        "Fichier": "absorption_des_elements.json"
    },
    {
        "Nom": "Armure de mage",
        "Nom original": "Mage Armor",
        "Niveau": 1,
        "Fichier": "armure_de_mage.json"
    },
    {
        "Nom": "Bouclier",
        "Nom original": "Shield",
        "Niveau": 1,
        "Fichier": "bouclier.json"
    },
    {
        "Nom": "Compréhension des langues",
        "Nom original": "Comprehend Languages",
        "Niveau": 1,
        "Fichier": "comprehension_des_langues.json"
    },
    {
        "Nom": "Détection de la magie",
        "Nom original": "Detect Magic",
        "Niveau": 1,
        "Fichier": "detection_de_la_magie.json"
    },
    {
        "Nom": "Projectile magique",
        "Nom original": "Magic Missile",
        "Niveau": 1,
        "Fichier": "projectile_magique.json"
    },
    {
        "Nom": "Rayon empoisonné",
        "Nom original": "Poison Spray",
        "Niveau": 0,
        "Fichier": "rayon_empoisonne.json"
    },
    {
        "Nom": "Simulacre de vie",
        "Nom original": "Simulacrum",
        "Niveau": 7,
        "Fichier": "simulacre_de_vie.json"
    },
    {
        "Nom": "Vague tonnante",
        "Nom original": "Thunderwave",
        "Niveau": 1,
        "Fichier": "vague_tonnante.json"
    },
    {
        "Nom": "Cécité/Surdité",
        "Nom original": "Blindness/Deafness",
        "Niveau": 2,
        "Fichier": "cecitesurdite.json"
    },
    {
        "Nom": "Foulée brumeuse",
        "Nom original": "Misty Step",
        "Niveau": 2,
        "Fichier": "foulee_brumeuse.json"
    },
    {
        "Nom": "Immobilisation de personne",
        "Nom original": "Hold Person",
        "Niveau": 2,
        "Fichier": "immobilisation_de_personne.json"
    },
    {
        "Nom": "Sphère de feu",
        "Nom original": "Flaming Sphere",
        "Niveau": 2,
        "Fichier": "sphere_de_feu.json"
    },
    {
        "Nom": "Animation des morts",
        "Nom original": "Animate Dead",
        "Niveau": 3,
        "Fichier": "animation_des_morts.json"
    },
    {
        "Nom": "Boule de feu",
        "Nom original": "Fireball",
        "Niveau": 3,
        "Fichier": "boule_de_feu.json"
    },
    {
        "Nom": "Communication avec les morts",
        "Nom original": "Speak with Dead",
        "Niveau": 3,
        "Fichier": "communication_avec_les_morts.json"
    },
    {
        "Nom": "Convocation de mort-vivant",
        "Nom original": "Summon Undead",
        "Niveau": 3,
        "Fichier": "convocation_de_mort-vivant.json"
    },
    {
        "Nom": "Contresort",
        "Nom original": "Counterspell",
        "Niveau": 3,
        "Fichier": "contresort.json"
    },
    {
        "Nom": "Toucher du vampire",
        "Nom original": "Vampiric Touch",
        "Niveau": 3,
        "Fichier": "toucher_du_vampire.json"
    },
    {
        "Nom": "Préservation des morts",
        "Nom original": "Gentle Repose",
        "Niveau": 2,
        "Fichier": "preservation_des_morts.json"
    },
    {
        "Nom": "Disque flottant de Tenser",
        "Nom original": "Tenser's Floating Disk",
        "Niveau": 1,
        "Fichier": "disque_flottant_de_tenser.json"
    },
    {
        "Nom": "Mort simulée",
        "Nom original": "Feign Death",
        "Niveau": 3,
        "Fichier": "mort_simulee.json"
    }
]