{
    "Nom": "Lumière",
    "Nom original": "Light",
    "Niveau": 0,
    "École": "Évocation",
    "Temps d'incantation": "1 action",
    "Portée": 1.5,
    "Cible": "Un objet que vous touchez",
    "Composantes": "V, M (un luciole ou un peu de phosphore)",
    "Durée": "1 heure",
    "Concentration": false,
    "Rituel": "Non",
    "Temps du rituel": null,
    "Type d'attaque / sauvegarde": "Aucune",
    "Effet synthétique": "Fait briller un objet touché comme une torche.",
    "Description complète": "Vous touchez un objet qui mesure jusqu'à 3 mètres dans n'importe quelle dimension. Jusqu'à la fin du sort, l'objet émet une lumière brillante dans un rayon de 6 mètres et une lumière faible pour 6 mètres supplémentaires. La lumière peut être de couleur que vous voulez. Complètement recouvrir l'objet d'un matériau opaque bloque la lumière. Le sort se termine si vous le lancez à nouveau ou si vous le dissipez en action. Si vous ciblez un objet tenu ou porté par une créature hostile, cette créature doit réussir un jet de sauvegarde de Dextérité pour éviter le sort.",
    "Effet en surcaste": null
}