{
    "Nom": "Message",
    "Nom original": "Message",
    "Niveau": 0,
    "École": "Transmutation",
    "Temps d'incantation": "1 action",
    "Portée": 36,
    "Cible": "1 créature dans la portée",
    "Composantes": "V, S, M (un bout de fil de cuivre)",
    "Durée": "1 round",
    "Concentration": false,
    "Rituel": "non",
    "Temps du rituel": null,
    "Type d'attaque / sauvegarde": "Aucune",
    "Effet synthétique": "Permet d'envoyer un bref message à une cible et d'entendre sa réponse.",
    "Description complète": "Vous pointez votre doigt vers une créature dans la portée et murmurez un message. La cible (et seulement elle) entend le message et peut répondre de la même façon que vous. Le sort peut traverser la plupart des barrières, mais il est bloqué par 1 mètre de pierre, 2 centimètres de métal commun, une mince feuille de plomb ou 9 mètres de bois ou de terre.",
    "Effet en surcaste": null
}