{
    "Nom": "Mort simulée",
    "Nom original": "Feign Death",
    "Niveau": 3,
    "École": "Nécromancie",
    "Temps d'incantation": "1 action",
    "Portée": 1.5,
    "Cible": "Une créature consentante que vous touchez",
    "Composantes": "V, S, M (une pincée de terre prélevée sur une tombe)",
    "Durée": "1 heure",
    "Concentration": false,
    "Rituel": "oui",
    "Temps du rituel": "10 minutes",
    "Type d'attaque / sauvegarde": "Aucun",
    "Effet synthétique": "Rend une créature consentante que vous touchez indiscernable d'une créature morte.",
    "Description complète": "Vous touchez une créature consentante et la mettez dans un état cataleptique qui est indiscernable de la mort. Pendant la durée du sort, la cible est paralysée, elle est insensible à tout dommage et à toute maladie. Si la cible était empoisonnée, elle reste empoisonnée pendant la durée du sort, et si elle était malade, la maladie ne progresse pas. Le sort protège également la cible contre tout autre effet qui nécessiterait un jet de sauvegarde, à moins que cet effet ne fonctionne également sur les objets ou si l'effet est inoffensif. Le sort n'a pas d'effet sur les morts-vivants ou les constructeurs. Vous pouvez mettre fin au sort prématurément en utilisant une action pour toucher la cible et la réveiller.",
    "Effet en surcaste": null
}