{
    "Nom": "Préservation des morts",
    "Nom original": "Gentle Repose",
    "Niveau": 2,
    "École": "Nécromancie",
    "Temps d'incantation": "1 action",
    "Portée": 1.5,
    "Cible": "Un cadavre que vous touchez",
    "Composantes": "V, S, M (une pincée de sel, et une pièce de cuivre pour chaque œil du corps à préserver. Les pièces doivent rester en place pour la durée du sort)",
    "Durée": "10 jours",
    "Concentration": false,
    "Rituel": "oui",
    "Temps du rituel": "10 minutes",
    "Type d'attaque / sauvegarde": "Aucune",
    "Effet synthétique": "Protège un cadavre de la décomposition et empêche la résurrection.",
    "Description complète": "Vous touchez un cadavre ou les restes d'une créature morte. Pendant la durée du sort, le cadavre est protégé de la décomposition et ne peut pas devenir mort-vivant. Le sort prolonge également le délai de résurrection possible, puisque les jours passés sous l'effet de ce sort ne comptent pas contre le délai passé depuis la mort avant qu'une résurrection soit impossible.",
    "Effet en surcaste": null
}