{
    "Nom": "Projectile magique",
    "Nom original": "Magic Missile",
    "Niveau": 1,
    "École": "Évocation",
    "Temps d'incantation": "1 action",
    "Portée": 36,
    "Cible": "Jusqu'à trois créatures que vous pouvez voir à portée",
    "Composantes": "V, S",
    "Durée": "Instantanée",
    "Concentration": false,
    "Rituel": "Non",
    "Temps du rituel": null,
    "Type d'attaque / sauvegarde": "Aucune",
    "Effet synthétique": "Crée trois dards magiques qui frappent des cibles de votre choix, infligeant des dégâts de force.",
    "Description complète": "Vous créez trois dards brillants de force magique. Chaque dard frappe une créature de votre choix que vous pouvez voir à portée. Un dard inflige 1d4+1 dégâts de force à sa cible. Les dards frappent simultanément et vous pouvez les diriger pour qu'ils frappent une créature ou plusieurs.",
    "Effet en surcaste": "Quand vous lancez ce sort en utilisant un emplacement de sort de niveau 2 ou supérieur, le sort crée un dard supplémentaire pour chaque niveau au-dessus du 1er."
}