{
    "Nom": "Rayon empoisonné",
    "Nom original": "Ray of Sickness",
    "Niveau": 1,
    "École": "Nécromancie",
    "Temps d'incantation": "1 action",
    "Portée": 18,
    "Cible": "Une créature de votre choix que vous pouvez voir à portée",
    "Composantes": "V, S",
    "Durée": "Instantanée",
    "Concentration": false,
    "Rituel": "Non",
    "Temps du rituel": null,
    "Type d'attaque / sauvegarde": "Jet de sauvegarde de Constitution",
    "Effet synthétique": "Inflige des dégâts de poison à une créature à portée",
    "Description complète": "Un rayon d'énergie verdâtre et contagieuse est envoyé en direction d'une créature à portée. Effectuez une attaque à distance avec un sort contre la cible. Si le coup touche, la cible subit 2d8 dégâts de poison et doit effectuer un jet de sauvegarde de Constitution. En cas d'échec, la cible est empoisonnée jusqu'à la fin de votre prochain tour.",
    "Effet en surcaste": "Si vous lancez ce sort en utilisant un emplacement de sort de niveau 2 ou supérieur, les dégâts augmentent de 1d8 pour chaque niveau d'emplacement au-delà du niveau 1."
}