{
    "Nom": "Simulacre de vie",
    "Nom original": "False Life",
    "Niveau": 1,
    "École": "Nécromancie",
    "Temps d'incantation": "1 action",
    "Portée": "personnelle",
    "Cible": "Le lanceur de sorts",
    "Composantes": "V, S, M (une petite quantité d'alcool ou de spiritueux)",
    "Durée": "1 heure",
    "Concentration": false,
    "Rituel": "Non",
    "Temps du rituel": null,
    "Type d'attaque / sauvegarde": "Aucun",
    "Effet synthétique": "Vous vous protégez avec un semblant nécromantique de vie. Vous gagnez 1d4 + 4 points de vie temporaires pour la durée du sort.",
    "Description complète": "Vous vous protégez avec un semblant nécromantique de vie. Vous gagnez 1d4 + 4 points de vie temporaires pour la durée du sort.",
    "Effet en surcaste": "Lorsque vous lancez ce sort en utilisant un emplacement de sort de niveau 2 ou supérieur, vous gagnez 5 points de vie temporaires supplémentaires pour chaque niveau d'emplacement au-delà du niveau 1."
}