{
    "Nom": "Sphère de feu",
    "Nom original": "Flaming Sphere",
    "Niveau": 2,
    "École": "Invocation",
    "Temps d'incantation": "1 action",
    "Portée": 18,
    "Cible": "Un espace inoccupé de votre choix à portée.",
    "Composantes": "V, S, M (un peu de suif, une pincée de soufre et de la poussière de poudre de fer)",
    "Durée": "1 minute",
    "Concentration": true,
    "Rituel": "non",
    "Temps du rituel": null,
    "Type d'attaque / sauvegarde": "Dextérité sauvegarde",
    "Effet synthétique": "Crée une sphère de feu qui inflige des dégâts à ceux qui terminent leur tour à proximité.",
    "Description complète": "Une sphère de feu d'un diamètre de 1,50 mètre apparait dans un espace inoccupé de votre choix dans la portée et pour la durée du sort. Toute créature qui termine son tour à 1,50 mètre ou moins de la sphère doit effectuer un jet de sauvegarde de Dextérité, subissant 2d6 dégâts de feu en cas d'échec, ou la moitié de ces dégâts en cas de réussite. Avec une action bonus, vous pouvez déplacer la sphère jusqu'à 9 mètres. Si la sphère entre en collision avec une créature, celle-ci doit faire un jet de sauvegarde contre les dégâts de la sphère et elle arrête son mouvement pour ce tour. Lorsque vous déplacez la sphère, vous pouvez la diriger par-dessus des barrières de 1,50 mètre ou moins et la propulser au-dessus d'un gouffre large de 3 mètres ou moins. La sphère enflamme les objets inflammables qui ne sont pas portés ou transportés, et émet une lumière vive dans un rayon de 6 mètres et une lumière faible sur 6 mètres supplémentaires.",
    "Effet en surcaste": "Lorsque vous lancez ce sort en utilisant un emplacement de sort de niveau 3 ou supérieur, les dégâts sont augmentés de 1d6 pour chaque niveau d'emplacement au-delà du niveau 2."
}