{
    "Nom": "Toucher du vampire",
    "Nom original": "Vampiric Touch",
    "Niveau": 3,
    "École": "Nécromancie",
    "Temps d'incantation": "1 action",
    "Portée": 1.5,
    "Cible": "Une créature que vous pouvez toucher",
    "Composantes": "V, S",
    "Durée": "Jusqu'à 1 minute",
    "Concentration": true,
    "Rituel": "Non",
    "Temps du rituel": null,
    "Type d'attaque / sauvegarde": "Attaque au contact",
    "Effet synthétique": "Dégâts nécrotiques sur la cible et vous récupérez la moitié des dégâts infligés en points de vie.",
    "Description complète": "Le toucher de votre main, enveloppé de ténèbres, draine la vie de votre cible. Effectuez une attaque au contact avec un sort contre une créature à votre portée. En cas de réussite, la cible subit 3d6 dégâts nécrotiques, et vous récupérez des points de vie égaux à la moitié des dégâts nécrotiques infligés. Jusqu'à ce que le sort se termine, vous pouvez effectuer l'attaque de nouveau à chaque action.",
    "Effet en surcaste": "Quand vous lancez ce sort en utilisant un emplacement de sort de niveau 4 ou plus, les dégâts augmentent de 1d6 pour chaque niveau au-dessus du 3ème."
}