{
    "Nom": "Vague tonnante",
    "Nom original": "Thunderwave",
    "Niveau": 1,
    "École": "Évocation",
    "Temps d'incantation": "1 action simple",
    "Portée": "Personnelle (cube de 4,5 mètres)",
    "Cible": "Chaque créature dans un cube de 4,5 mètres qui émane de vous",
    "Composantes": "V, S",
    "Durée": "Instantanée",
    "Concentration": false,
    "Rituel": "Non",
    "Temps du rituel": null,
    "Type d'attaque / sauvegarde": "Constitution",
    "Effet synthétique": "Crée une onde de force qui repousse les créatures et objets.",
    "Description complète": "Une onde de force tonitruante balaye tout sur son passage. Chaque créature dans un cube de 4,5 mètres qui émane de vous doit réussir un jet de sauvegarde de Constitution. En cas d'échec, une créature subit 2d8 dégâts de tonnerre et est repoussée de 3 mètres. En cas de réussite, elle subit la moitié des dégâts et n'est pas repoussée. En outre, les objets non fixés qui se trouvent dans la zone d'effet sont automatiquement repoussés de 3 mètres. Le sort émet un bruit de tonnerre audible à 90 mètres.",
    "Effet en surcaste": "Lorsque vous lancez ce sort en utilisant un emplacement de sort de niveau 2 ou supérieur, les dégâts augmentent de 1d8 pour chaque niveau au-dessus du 1er."
}